original_name,birdlife_accepted_scientific_name,birdlife_common_name,match_type,matched_birdlife_synonym,birdlife_order,birdlife_family_name,iucn_red_list_category_2025,sisrecid,spcrecid_previous,taxonomic_sources
Philomachus pugnax,Calidris pugnax,Ruff,synonym/alternate scientific name,Philomachus pugnax,CHARADRIIFORMES,Scolopacidae,LC,22693468,3062,"del Hoyo, J., Collar, N.J., Christie, D.A., Elliott, A. and Fishpool, L.D.C. 2014. HBW and BirdLife International Illustrated Checklist of the Birds of the World. Volume 1: Non-passerines. Lynx Edicions and BirdLife International, Barcelona, Spain and Cambridge, UK.; Cramp, S. and Perrins, C.M. 1977-1994. Handbook of the birds of Europe, the Middle East and Africa. The birds of the western Palearctic. Oxford University Press, Oxford.; Turbott, E.G. 1990. Checklist of the birds of New Zealand. Ornithological Society of New Zealand, Wellington.; SACC. 2006. A classification of the bird species of South America. Available at: http://www.museum.lsu.edu/~Remsen/SACCBaseline.htm.; AERC TAC. 2003. AERC TAC Checklist of bird taxa occurring in Western Palearctic region, 15th Draft. Available at: http://www.aerc.eu/DOCS/Bird_taxa_of _the_WP15.xls.; Christidis, L. and Boles, W.E. 2008. Systematics and taxonomy of Australian birds. CSIRO Publishing, Collingwood, Australia."
Chroicocephalus ridibundus,Larus ridibundus,Black-headed Gull,synonym/alternate scientific name,Chroicocephalus ridibundus,CHARADRIIFORMES,Laridae,LC,22694420,3240,"del Hoyo, J., Collar, N.J., Christie, D.A., Elliott, A. and Fishpool, L.D.C. 2014. HBW and BirdLife International Illustrated Checklist of the Birds of the World. Volume 1: Non-passerines. Lynx Edicions and BirdLife International, Barcelona, Spain and Cambridge, UK.; Cramp, S. and Perrins, C.M. 1977-1994. Handbook of the birds of Europe, the Middle East and Africa. The birds of the western Palearctic. Oxford University Press, Oxford.; AERC TAC. 2003. AERC TAC Checklist of bird taxa occurring in Western Palearctic region, 15th Draft. Available at: #http://www.aerc.eu/DOCS/Bird_taxa_of _the_WP15.xls#.; Christidis, L. and Boles, W.E. 2008. Systematics and taxonomy of Australian birds. CSIRO Publishing, Collingwood, Australia."
Chen rossii,Anser rossii,Ross's Goose,synonym/alternate scientific name,Chen rossii,ANSERIFORMES,Anatidae,LC,22679909,381,"del Hoyo, J., Collar, N.J., Christie, D.A., Elliott, A. and Fishpool, L.D.C. 2014. HBW and BirdLife International Illustrated Checklist of the Birds of the World. Lynx Edicions BirdLife International, Barcelona, Spain and Cambridge, UK. and Cambridge, UK; AERC TAC. 2003. AERC TAC Checklist of bird taxa occurring in Western Palearctic region, 15th Draft. Available at: #http://www.aerc.eu/DOCS/Bird_taxa_of _the_WP15.xls#."
Phalacrocorax aristotelis,Gulosus aristotelis,European Shag,synonym/alternate scientific name,Phalacrocorax aristotelis,SULIFORMES,Phalacrocoracidae,LC,22696894,3697,"del Hoyo, J., Collar, N.J., Christie, D.A., Elliott, A. and Fishpool, L.D.C. 2014. HBW and BirdLife International Illustrated Checklist of the Birds of the World. Volume 1: Non-passerines. Lynx Edicions and BirdLife International, Barcelona, Spain and Cambridge, UK.; Cramp, S. and Perrins, C.M. 1977-1994. Handbook of the birds of Europe, the Middle East and Africa. The birds of the western Palearctic. Oxford University Press, Oxford.; AERC TAC. 2003. AERC TAC Checklist of bird taxa occurring in Western Palearctic region, 15th Draft. Available at: #http://www.aerc.eu/DOCS/Bird_taxa_of _the_WP15.xls#."
Chen caerulescens,Anser caerulescens,Snow Goose,synonym/alternate scientific name,Chen caerulescens,ANSERIFORMES,Anatidae,LC,22679896,380,"del Hoyo, J., Collar, N.J., Christie, D.A., Elliott, A. and Fishpool, L.D.C. 2014. HBW and BirdLife International Illustrated Checklist of the Birds of the World. Volume 1: Non-passerines. Lynx Edicions and BirdLife International, Barcelona, Spain and Cambridge, UK.; Cramp, S. and Perrins, C.M. 1977-1994. Handbook of the birds of Europe, the Middle East and Africa. The birds of the western Palearctic. Oxford University Press, Oxford.; AERC TAC. 2003. AERC TAC Checklist of bird taxa occurring in Western Palearctic region, 15th Draft. Available at: #http://www.aerc.eu/DOCS/Bird_taxa_of _the_WP15.xls#."
Oceanodroma furcata,Hydrobates furcatus,Fork-tailed Storm-petrel,synonym/alternate scientific name,Oceanodroma furcata,PROCELLARIIFORMES,Hydrobatidae,LC,22698572,3989,"del Hoyo, J., Collar, N.J., Christie, D.A., Elliott, A. and Fishpool, L.D.C. 2014. HBW and BirdLife International Illustrated Checklist of the Birds of the World. Volume 1: Non-passerines. Lynx Edicions and BirdLife International, Barcelona, Spain and Cambridge, UK.; Brooke, M. de L. 2004. Albatrosses and Petrels Across the World. Oxford University Press, Oxford."
Oceanodroma leucorhoa,Hydrobates socorroensis,Townsend's Storm-petrel,synonym/alternate scientific name,Oceanodroma leucorhoa,PROCELLARIIFORMES,Hydrobatidae,EN,132450926,,"Handbook of the Birds of the World and BirdLife International. 2018. Handbook of the Birds of the World and BirdLife International digital checklist of the birds of the world. Version 3. Available at: http://datazone.birdlife.org/userfiles/file/Species/Taxonomy/HBW-BirdLife_Checklist_v3_Nov18.zip.; Howell, N. G. 2012. Petrels, Albatrosses, and Storm-Petrels of North America: A Photographic Guide. Princeton University Press, Princeton, New Jersey, USA.; del Hoyo, J., Collar, N.J., Christie, D.A., Elliott, A. and Fishpool, L.D.C. 2014. HBW and BirdLife International Illustrated Checklist of the Birds of the World. Volume 1: Non-passerines. Lynx Edicions and BirdLife International, Barcelona, Spain and Cambridge, UK.; Cramp, S. and Perrins, C.M. 1977-1994. Handbook of the birds of Europe, the Middle East and Africa. The birds of the western Palearctic. Oxford University Press, Oxford.; Turbott, E.G. 1990. Checklist of the birds of New Zealand. Ornithological Society of New Zealand, Wellington.; Brooke, M. de L. 2004. Albatrosses and Petrels Across the World. Oxford University Press, Oxford.; SACC. 2006. A classification of the bird species of South America. Available at: http://www.museum.lsu.edu/~Remsen/SACCBaseline.htm.; AERC TAC. 2003. AERC TAC Checklist of bird taxa occurring in Western Palearctic region, 15th Draft. Available at: http://www.aerc.eu/DOCS/Bird_taxa_of _the_WP15.xls.; Christidis, L. and Boles, W.E. 2008. Systematics and taxonomy of Australian birds. CSIRO Publishing, Collingwood, Australia."
Oceanodroma leucorhoa,Hydrobates cheimomnestes,Ainley's Storm-petrel,synonym/alternate scientific name,Oceanodroma leucorhoa,PROCELLARIIFORMES,Hydrobatidae,VU,132441735,,"Handbook of the Birds of the World and BirdLife International. 2018. Handbook of the Birds of the World and BirdLife International digital checklist of the birds of the world. Version 3. Available at: http://datazone.birdlife.org/userfiles/file/Species/Taxonomy/HBW-BirdLife_Checklist_v3_Nov18.zip.; del Hoyo, J., Collar, N.J., Christie, D.A., Elliott, A. and Fishpool, L.D.C. 2014. HBW and BirdLife International Illustrated Checklist of the Birds of the World. Volume 1: Non-passerines. Lynx Edicions and BirdLife International, Barcelona, Spain and Cambridge, UK.; Brooke, M. de L. 2004. Albatrosses and Petrels Across the World. Oxford University Press, Oxford.; SACC. 2006. A classification of the bird species of South America. Available at: http://www.museum.lsu.edu/~Remsen/SACCBaseline.htm.; Wallace, S. J., Morris-Pocock, J. A., González-Solís, J., Quillfeldt, P. & Friesen, V. L. 2017. A phylogenetic test of sympatric speciation in the Hydrobatinae (Aves: Procellariiformes). Molec. Phylogen. Evol. 107: 39-47.; Howell, N. G. 2012. Petrels, Albatrosses, and Storm-Petrels of North America: A Photographic Guide. Princeton University Press, Princeton, New Jersey, USA.; Ainley, D. G. 1980. Geographic variation in Leach's Storm-Petrel. The Auk 97: 837-853."
Oceanodroma leucorhoa,Hydrobates leucorhous,Leach's Storm-petrel,synonym/alternate scientific name,Oceanodroma leucorhoa,PROCELLARIIFORMES,Hydrobatidae,VU,132438298,,"del Hoyo, J., Collar, N.J., Christie, D.A., Elliott, A. and Fishpool, L.D.C. 2014. HBW and BirdLife International Illustrated Checklist of the Birds of the World. Volume 1: Non-passerines. Lynx Edicions and BirdLife International, Barcelona, Spain and Cambridge, UK.; Cramp, S. and Perrins, C.M. 1977-1994. Handbook of the birds of Europe, the Middle East and Africa. The birds of the western Palearctic. Oxford University Press, Oxford.; Turbott, E.G. 1990. Checklist of the birds of New Zealand. Ornithological Society of New Zealand, Wellington.; Brooke, M. de L. 2004. Albatrosses and Petrels Across the World. Oxford University Press, Oxford.; SACC. 2006. A classification of the bird species of South America. Available at: http://www.museum.lsu.edu/~Remsen/SACCBaseline.htm.; AERC TAC. 2003. AERC TAC Checklist of bird taxa occurring in Western Palearctic region, 15th Draft. Available at: http://www.aerc.eu/DOCS/Bird_taxa_of _the_WP15.xls.; Christidis, L. and Boles, W.E. 2008. Systematics and taxonomy of Australian birds. CSIRO Publishing, Collingwood, Australia."
Phalacrocorax auritus,Nannopterum auritum,Double-crested Cormorant,synonym/alternate scientific name,Phalacrocorax auritus,SULIFORMES,Phalacrocoracidae,LC,22696776,3675,Handbook of the Birds of the World and BirdLife International. 2023. Handbook of the Birds of the World and BirdLife International digital checklist of the birds of the world. Version 8. Available at: http://datazone.birdlife.org/userfiles/file/Species/Taxonomy/HBW-BirdLife_Checklist_v8_Dec23.zip.
Phalacrocorax pelagicus,Urile pelagicus,Pelagic Cormorant,synonym/alternate scientific name,Phalacrocorax pelagicus,SULIFORMES,Phalacrocoracidae,LC,22728950,30130,"del Hoyo, J., Collar, N.J., Christie, D.A., Elliott, A. and Fishpool, L.D.C. 2014. HBW and BirdLife International Illustrated Checklist of the Birds of the World. Volume 1: Non-passerines. Lynx Edicions and BirdLife International, Barcelona, Spain and Cambridge, UK."
Phalaropus tricolor,Steganopus tricolor,Wilson's Phalarope,synonym/alternate scientific name,Phalaropus tricolor,CHARADRIIFORMES,Scolopacidae,LC,22693472,3063,"del Hoyo, J., Collar, N.J., Christie, D.A., Elliott, A. and Fishpool, L.D.C. 2014. HBW and BirdLife International Illustrated Checklist of the Birds of the World. Volume 1: Non-passerines. Lynx Edicions and BirdLife International, Barcelona, Spain and Cambridge, UK.; Cramp, S. and Perrins, C.M. 1977-1994. Handbook of the birds of Europe, the Middle East and Africa. The birds of the western Palearctic. Oxford University Press, Oxford.; Turbott, E.G. 1990. Checklist of the birds of New Zealand. Ornithological Society of New Zealand, Wellington.; SACC. 2006. A classification of the bird species of South America. Available at: http://www.museum.lsu.edu/~Remsen/SACCBaseline.htm.; AERC TAC. 2003. AERC TAC Checklist of bird taxa occurring in Western Palearctic region, 15th Draft. Available at: http://www.aerc.eu/DOCS/Bird_taxa_of _the_WP15.xls.; Christidis, L. and Boles, W.E. 2008. Systematics and taxonomy of Australian birds. CSIRO Publishing, Collingwood, Australia."
Puffinus creatopus,Ardenna creatopus,Pink-footed Shearwater,synonym/alternate scientific name,Puffinus creatopus,PROCELLARIIFORMES,Procellariidae,VU,22698195,3931,"del Hoyo, J., Collar, N.J., Christie, D.A., Elliott, A. and Fishpool, L.D.C. 2014. HBW and BirdLife International Illustrated Checklist of the Birds of the World. Volume 1: Non-passerines. Lynx Edicions and BirdLife International, Barcelona, Spain and Cambridge, UK.; Turbott, E.G. 1990. Checklist of the birds of New Zealand. Ornithological Society of New Zealand, Wellington.; Brooke, M. de L. 2004. Albatrosses and Petrels Across the World. Oxford University Press, Oxford.; SACC. 2006. A classification of the bird species of South America. Available at: http://www.museum.lsu.edu/~Remsen/SACCBaseline.htm.; Christidis, L. and Boles, W.E. 2008. Systematics and taxonomy of Australian birds. CSIRO Publishing, Collingwood, Australia."
Puffinus gravis,Ardenna gravis,Great Shearwater,synonym/alternate scientific name,Puffinus gravis,PROCELLARIIFORMES,Procellariidae,LC,22698201,3932,"del Hoyo, J., Collar, N.J., Christie, D.A., Elliott, A. and Fishpool, L.D.C. 2014. HBW and BirdLife International Illustrated Checklist of the Birds of the World. Volume 1: Non-passerines. Lynx Edicions and BirdLife International, Barcelona, Spain and Cambridge, UK.; Cramp, S. and Perrins, C.M. 1977-1994. Handbook of the birds of Europe, the Middle East and Africa. The birds of the western Palearctic. Oxford University Press, Oxford.; Brooke, M. de L. 2004. Albatrosses and Petrels Across the World. Oxford University Press, Oxford.; SACC. 2006. A classification of the bird species of South America. Available at: http://www.museum.lsu.edu/~Remsen/SACCBaseline.htm.; AERC TAC. 2003. AERC TAC Checklist of bird taxa occurring in Western Palearctic region, 15th Draft. Available at: http://www.aerc.eu/DOCS/Bird_taxa_of _the_WP15.xls.; Christidis, L. and Boles, W.E. 2008. Systematics and taxonomy of Australian birds. CSIRO Publishing, Collingwood, Australia."
Puffinus griseus,Ardenna grisea,Sooty Shearwater,synonym/alternate scientific name,Puffinus griseus,PROCELLARIIFORMES,Procellariidae,NT,22698209,3933,"del Hoyo, J., Collar, N.J., Christie, D.A., Elliott, A. and Fishpool, L.D.C. 2014. HBW and BirdLife International Illustrated Checklist of the Birds of the World. Volume 1: Non-passerines. Lynx Edicions and BirdLife International, Barcelona, Spain and Cambridge, UK.; Cramp, S. and Perrins, C.M. 1977-1994. Handbook of the birds of Europe, the Middle East and Africa. The birds of the western Palearctic. Oxford University Press, Oxford.; Turbott, E.G. 1990. Checklist of the birds of New Zealand. Ornithological Society of New Zealand, Wellington.; Brooke, M. de L. 2004. Albatrosses and Petrels Across the World. Oxford University Press, Oxford.; SACC. 2006. A classification of the bird species of South America. Available at: http://www.museum.lsu.edu/~Remsen/SACCBaseline.htm.; AERC TAC. 2003. AERC TAC Checklist of bird taxa occurring in Western Palearctic region, 15th Draft. Available at: http://www.aerc.eu/DOCS/Bird_taxa_of _the_WP15.xls.; Christidis, L. and Boles, W.E. 2008. Systematics and taxonomy of Australian birds. CSIRO Publishing, Collingwood, Australia."
Puffinus tenuirostris,Ardenna tenuirostris,Short-tailed Shearwater,synonym/alternate scientific name,Puffinus tenuirostris,PROCELLARIIFORMES,Procellariidae,LC,22698216,3934,"del Hoyo, J., Collar, N.J., Christie, D.A., Elliott, A. and Fishpool, L.D.C. 2014. HBW and BirdLife International Illustrated Checklist of the Birds of the World. Volume 1: Non-passerines. Lynx Edicions and BirdLife International, Barcelona, Spain and Cambridge, UK.; Turbott, E.G. 1990. Checklist of the birds of New Zealand. Ornithological Society of New Zealand, Wellington.; Brooke, M. de L. 2004. Albatrosses and Petrels Across the World. Oxford University Press, Oxford.; Christidis, L. and Boles, W.E. 2008. Systematics and taxonomy of Australian birds. CSIRO Publishing, Collingwood, Australia."
Stercorarius maccormicki,Catharacta maccormicki,South Polar Skua,synonym/alternate scientific name,Stercorarius maccormicki,CHARADRIIFORMES,Stercorariidae,LC,22694218,3199,"del Hoyo, J., Collar, N.J., Christie, D.A., Elliott, A. and Fishpool, L.D.C. 2014. HBW and BirdLife International Illustrated Checklist of the Birds of the World. Volume 1: Non-passerines. Lynx Edicions and BirdLife International, Barcelona, Spain and Cambridge, UK.; Turbott, E.G. 1990. Checklist of the birds of New Zealand. Ornithological Society of New Zealand, Wellington.; SACC. 2006. A classification of the bird species of South America. Available at: http://www.museum.lsu.edu/~Remsen/SACCBaseline.htm.; Christidis, L. and Boles, W.E. 2008. Systematics and taxonomy of Australian birds. CSIRO Publishing, Collingwood, Australia."
Stercorarius skua,Catharacta skua,Great Skua,synonym/alternate scientific name,Stercorarius skua,CHARADRIIFORMES,Stercorariidae,LC,22694160,3195,"del Hoyo, J., Collar, N.J., Christie, D.A., Elliott, A. and Fishpool, L.D.C. 2014. HBW and BirdLife International Illustrated Checklist of the Birds of the World. Volume 1: Non-passerines. Lynx Edicions and BirdLife International, Barcelona, Spain and Cambridge, UK.; Cramp, S. and Perrins, C.M. 1977-1994. Handbook of the birds of Europe, the Middle East and Africa. The birds of the western Palearctic. Oxford University Press, Oxford.; SACC. 2006. A classification of the bird species of South America. Available at: http://www.museum.lsu.edu/~Remsen/SACCBaseline.htm."
Charadrius morinellus,Eudromias morinellus,Eurasian Dotterel,synonym/alternate scientific name,Charadrius morinellus,CHARADRIIFORMES,Charadriidae,LC,22693906,3147,"del Hoyo, J., Collar, N.J., Christie, D.A., Elliott, A. and Fishpool, L.D.C. 2014. HBW and BirdLife International Illustrated Checklist of the Birds of the World. Volume 1: Non-passerines. Lynx Edicions and BirdLife International, Barcelona, Spain and Cambridge, UK.; Cramp, S. and Perrins, C.M. 1977-1994. Handbook of the birds of Europe, the Middle East and Africa. The birds of the western Palearctic. Oxford University Press, Oxford.; AERC TAC. 2003. AERC TAC Checklist of bird taxa occurring in Western Palearctic region, 15th Draft. Available at: #http://www.aerc.eu/DOCS/Bird_taxa_of _the_WP15.xls#."
Eurynorhynchus pygmeus,Calidris pygmaea,Spoon-billed Sandpiper,synonym/alternate scientific name,Eurynorhynchus pygmeus,CHARADRIIFORMES,Scolopacidae,CR,22693452,3060,"del Hoyo, J., Collar, N.J., Christie, D.A., Elliott, A. and Fishpool, L.D.C. 2014. HBW and BirdLife International Illustrated Checklist of the Birds of the World. Volume 1: Non-passerines. Lynx Edicions and BirdLife International, Barcelona, Spain and Cambridge, UK.; Mayr, E. 1933. Birds collected during the Whitney South Sea Expedition. XXVII. Notes on the variation of immature and adult plumages in birds and a physiological explanation of abnormal plumages. American Museum Novitates 666: 1-10."
Larus saundersi,Saundersilarus saundersi,Saunders's Gull,synonym/alternate scientific name,Larus saundersi,CHARADRIIFORMES,Laridae,VU,22694436,3243,"del Hoyo, J., Collar, N.J., Christie, D.A., Elliott, A. and Fishpool, L.D.C. 2014. HBW and BirdLife International Illustrated Checklist of the Birds of the World. Volume 1: Non-passerines. Lynx Edicions and BirdLife International, Barcelona, Spain and Cambridge, UK."
Limicola falcinellus,Calidris falcinellus,Broad-billed Sandpiper,synonym/alternate scientific name,Limicola falcinellus,CHARADRIIFORMES,Scolopacidae,VU,22693464,3061,"del Hoyo, J., Collar, N.J., Christie, D.A., Elliott, A. and Fishpool, L.D.C. 2014. HBW and BirdLife International Illustrated Checklist of the Birds of the World. Volume 1: Non-passerines. Lynx Edicions and BirdLife International, Barcelona, Spain and Cambridge, UK.; Cramp, S. and Perrins, C.M. 1977-1994. Handbook of the birds of Europe, the Middle East and Africa. The birds of the western Palearctic. Oxford University Press, Oxford.; Turbott, E.G. 1990. Checklist of the birds of New Zealand. Ornithological Society of New Zealand, Wellington.; AERC TAC. 2003. AERC TAC Checklist of bird taxa occurring in Western Palearctic region, 15th Draft. Available at: #http://www.aerc.eu/DOCS/Bird_taxa_of _the_WP15.xls#.; Christidis, L. and Boles, W.E. 2008. Systematics and taxonomy of Australian birds. CSIRO Publishing, Collingwood, Australia."
Sterna sandvicensis,Thalasseus sandvicensis,Sandwich Tern,synonym/alternate scientific name,Sterna sandvicensis,CHARADRIIFORMES,Laridae,LC,22694591,3265,"del Hoyo, J., Collar, N.J., Christie, D.A., Elliott, A. and Fishpool, L.D.C. 2014. HBW and BirdLife International Illustrated Checklist of the Birds of the World. Volume 1: Non-passerines. Lynx Edicions and BirdLife International, Barcelona, Spain and Cambridge, UK.; Cramp, S. and Perrins, C.M. 1977-1994. Handbook of the birds of Europe, the Middle East and Africa. The birds of the western Palearctic. Oxford University Press, Oxford.; SACC. 2006. A classification of the bird species of South America. Available at: http://www.museum.lsu.edu/~Remsen/SACCBaseline.htm.; AERC TAC. 2003. AERC TAC Checklist of bird taxa occurring in Western Palearctic region, 15th Draft. Available at: http://www.aerc.eu/DOCS/Bird_taxa_of _the_WP15.xls."
Halocyptena microsoma,Hydrobates microsoma,Least Storm-petrel,synonym/alternate scientific name,Halocyptena microsoma,PROCELLARIIFORMES,Hydrobatidae,LC,22698485,3977,"del Hoyo, J., Collar, N.J., Christie, D.A., Elliott, A. and Fishpool, L.D.C. 2014. HBW and BirdLife International Illustrated Checklist of the Birds of the World. Volume 1: Non-passerines. Lynx Edicions and BirdLife International, Barcelona, Spain and Cambridge, UK.; Brooke, M. de L. 2004. Albatrosses and Petrels Across the World. Oxford University Press, Oxford.; SACC. 2006. A classification of the bird species of South America. Available at: http://www.museum.lsu.edu/~Remsen/SACCBaseline.htm."
Oceanodroma castro,Hydrobates castro,Band-rumped Storm-petrel,synonym/alternate scientific name,Oceanodroma castro,PROCELLARIIFORMES,Hydrobatidae,LC,132341128,,"del Hoyo, J., Collar, N.J., Christie, D.A., Elliott, A. and Fishpool, L.D.C. 2014. HBW and BirdLife International Illustrated Checklist of the Birds of the World. Volume 1: Non-passerines. Lynx Edicions and BirdLife International, Barcelona, Spain and Cambridge, UK.; Bolton, M.; Smith, A. L.; Gómez-Díaz, E.; Friesen, V. L.; Medeiros, R.; Bried, J.; Roscales, J. L.; Furness, R. W. 2008. Monteiro's Storm Petrel Oceanodroma monteiroi: a new species from the Azores. Ibis 150(4): 717-727."
Oceanodroma melania,Hydrobates melania,Black Storm-petrel,synonym/alternate scientific name,Oceanodroma melania,PROCELLARIIFORMES,Hydrobatidae,LC,22698557,3986,"del Hoyo, J., Collar, N.J., Christie, D.A., Elliott, A. and Fishpool, L.D.C. 2014. HBW and BirdLife International Illustrated Checklist of the Birds of the World. Volume 1: Non-passerines. Lynx Edicions and BirdLife International, Barcelona, Spain and Cambridge, UK.; Brooke, M. de L. 2004. Albatrosses and Petrels Across the World. Oxford University Press, Oxford.; SACC. 2006. A classification of the bird species of South America. Available at: http://www.museum.lsu.edu/~Remsen/SACCBaseline.htm."
Oceanodroma tethys,Hydrobates tethys,Wedge-rumped Storm-petrel,synonym/alternate scientific name,Oceanodroma tethys,PROCELLARIIFORMES,Hydrobatidae,LC,22698496,3978,"del Hoyo, J., Collar, N.J., Christie, D.A., Elliott, A. and Fishpool, L.D.C. 2014. HBW and BirdLife International Illustrated Checklist of the Birds of the World. Volume 1: Non-passerines. Lynx Edicions and BirdLife International, Barcelona, Spain and Cambridge, UK.; Brooke, M. de L. 2004. Albatrosses and Petrels Across the World. Oxford University Press, Oxford.; SACC. 2006. A classification of the bird species of South America. Available at: http://www.museum.lsu.edu/~Remsen/SACCBaseline.htm."
Pterodroma rostrata,Pseudobulweria rostrata,Tahiti Petrel,synonym/alternate scientific name,Pterodroma rostrata,PROCELLARIIFORMES,Procellariidae,NT,22697925,3880,"del Hoyo, J., Collar, N.J., Christie, D.A., Elliott, A. and Fishpool, L.D.C. 2014. HBW and BirdLife International Illustrated Checklist of the Birds of the World. Volume 1: Non-passerines. Lynx Edicions and BirdLife International, Barcelona, Spain and Cambridge, UK.; Turbott, E.G. 1990. Checklist of the birds of New Zealand. Ornithological Society of New Zealand, Wellington.; Brooke, M. de L. 2004. Albatrosses and Petrels Across the World. Oxford University Press, Oxford.; Christidis, L. and Boles, W.E. 2008. Systematics and taxonomy of Australian birds. CSIRO Publishing, Collingwood, Australia."
Puffinus carneipes,Ardenna carneipes,Flesh-footed Shearwater,synonym/alternate scientific name,Puffinus carneipes,PROCELLARIIFORMES,Procellariidae,NT,22698188,3930,"del Hoyo, J., Collar, N.J., Christie, D.A., Elliott, A. and Fishpool, L.D.C. 2014. HBW and BirdLife International Illustrated Checklist of the Birds of the World. Volume 1: Non-passerines. Lynx Edicions and BirdLife International, Barcelona, Spain and Cambridge, UK.; Turbott, E.G. 1990. Checklist of the birds of New Zealand. Ornithological Society of New Zealand, Wellington.; Brooke, M. de L. 2004. Albatrosses and Petrels Across the World. Oxford University Press, Oxford.; SACC. 2006. A classification of the bird species of South America. Available at: http://www.museum.lsu.edu/~Remsen/SACCBaseline.htm.; AERC TAC. 2003. AERC TAC Checklist of bird taxa occurring in Western Palearctic region, 15th Draft. Available at: http://www.aerc.eu/DOCS/Bird_taxa_of _the_WP15.xls.; Christidis, L. and Boles, W.E. 2008. Systematics and taxonomy of Australian birds. CSIRO Publishing, Collingwood, Australia."
Puffinus pacificus,Ardenna pacifica,Wedge-tailed Shearwater,synonym/alternate scientific name,Puffinus pacificus,PROCELLARIIFORMES,Procellariidae,LC,22698175,3928,"del Hoyo, J., Collar, N.J., Christie, D.A., Elliott, A. and Fishpool, L.D.C. 2014. HBW and BirdLife International Illustrated Checklist of the Birds of the World. Volume 1: Non-passerines. Lynx Edicions and BirdLife International, Barcelona, Spain and Cambridge, UK.; Turbott, E.G. 1990. Checklist of the birds of New Zealand. Ornithological Society of New Zealand, Wellington.; Brooke, M. de L. 2004. Albatrosses and Petrels Across the World. Oxford University Press, Oxford.; SACC. 2006. A classification of the bird species of South America. Available at: http://www.museum.lsu.edu/~Remsen/SACCBaseline.htm.; AERC TAC. 2003. AERC TAC Checklist of bird taxa occurring in Western Palearctic region, 15th Draft. Available at: http://www.aerc.eu/DOCS/Bird_taxa_of _the_WP15.xls.; Christidis, L. and Boles, W.E. 2008. Systematics and taxonomy of Australian birds. CSIRO Publishing, Collingwood, Australia."
Sterna maxima,Thalasseus maximus,Royal Tern,synonym/alternate scientific name,Sterna maxima,CHARADRIIFORMES,Laridae,LC,22694542,3260,"del Hoyo, J., Collar, N.J., Christie, D.A., Elliott, A. and Fishpool, L.D.C. 2014. HBW and BirdLife International Illustrated Checklist of the Birds of the World. Volume 1: Non-passerines. Lynx Edicions and BirdLife International, Barcelona, Spain and Cambridge, UK.; Cramp, S. and Perrins, C.M. 1977-1994. Handbook of the birds of Europe, the Middle East and Africa. The birds of the western Palearctic. Oxford University Press, Oxford.; SACC. 2006. A classification of the bird species of South America. Available at: http://www.museum.lsu.edu/~Remsen/SACCBaseline.htm.; AERC TAC. 2003. AERC TAC Checklist of bird taxa occurring in Western Palearctic region, 15th Draft. Available at: http://www.aerc.eu/DOCS/Bird_taxa_of _the_WP15.xls."
Stercorarius antarcticus,Catharacta lonnbergi,,synonym/alternate scientific name,Stercorarius antarcticus,CHARADRIIFORMES,Stercorariidae,NR,22694196,3197,"Christidis & Boles (2008); Sibley & Monroe (1990, 1993)"
Phalacrocorax atriceps,Leucocarbo atriceps,Imperial Shag,synonym/alternate scientific name,Phalacrocorax atriceps,SULIFORMES,Phalacrocoracidae,LC,22729686,31020,"del Hoyo, J., Collar, N.J., Christie, D.A., Elliott, A. and Fishpool, L.D.C. 2014. HBW and BirdLife International Illustrated Checklist of the Birds of the World. Volume 1: Non-passerines. Lynx Edicions and BirdLife International, Barcelona, Spain and Cambridge, UK.; Christidis, L. and Boles, W.E. 2008. Systematics and taxonomy of Australian birds. CSIRO Publishing, Collingwood, Australia."
Sterna bergii,Thalasseus bergii,Greater Crested Tern,synonym/alternate scientific name,Sterna bergii,CHARADRIIFORMES,Laridae,LC,22694571,3263,"del Hoyo, J., Collar, N.J., Christie, D.A., Elliott, A. and Fishpool, L.D.C. 2014. HBW and BirdLife International Illustrated Checklist of the Birds of the World. Volume 1: Non-passerines. Lynx Edicions and BirdLife International, Barcelona, Spain and Cambridge, UK.; Cramp, S. and Perrins, C.M. 1977-1994. Handbook of the birds of Europe, the Middle East and Africa. The birds of the western Palearctic. Oxford University Press, Oxford.; Turbott, E.G. 1990. Checklist of the birds of New Zealand. Ornithological Society of New Zealand, Wellington.; AERC TAC. 2003. AERC TAC Checklist of bird taxa occurring in Western Palearctic region, 15th Draft. Available at: #http://www.aerc.eu/DOCS/Bird_taxa_of _the_WP15.xls#.; Christidis, L. and Boles, W.E. 2008. Systematics and taxonomy of Australian birds. CSIRO Publishing, Collingwood, Australia."
Butorides virescens,Butorides striata,Green-backed Heron,synonym/alternate scientific name,Butorides virescens,PELECANIFORMES,Ardeidae,LC,22728182,1016802,"del Hoyo, J., Collar, N.J., Christie, D.A., Elliott, A. and Fishpool, L.D.C. 2014. HBW and BirdLife International Illustrated Checklist of the Birds of the World. Volume 1: Non-passerines. Lynx Edicions and BirdLife International, Barcelona, Spain and Cambridge, UK."
Haematopus bachmani,Haematopus ater,Blackish Oystercatcher,synonym/alternate scientific name,Haematopus bachmani,CHARADRIIFORMES,Haematopodidae,LC,62015238,1017050,"del Hoyo, J., Collar, N.J., Christie, D.A., Elliott, A. and Fishpool, L.D.C. 2014. HBW and BirdLife International Illustrated Checklist of the Birds of the World. Volume 1: Non-passerines. Lynx Edicions and BirdLife International, Barcelona, Spain and Cambridge, UK."
Oceanodroma homochroa,Hydrobates homochroa,Ashy Storm-petrel,synonym/alternate scientific name,Oceanodroma homochroa,PROCELLARIIFORMES,Hydrobatidae,EN,22698562,3987,"del Hoyo, J., Collar, N.J., Christie, D.A., Elliott, A. and Fishpool, L.D.C. 2014. HBW and BirdLife International Illustrated Checklist of the Birds of the World. Volume 1: Non-passerines. Lynx Edicions and BirdLife International, Barcelona, Spain and Cambridge, UK.; Brooke, M. de L. 2004. Albatrosses and Petrels Across the World. Oxford University Press, Oxford."
Oceanodroma microsoma,Hydrobates microsoma,Least Storm-petrel,synonym/alternate scientific name,Oceanodroma microsoma,PROCELLARIIFORMES,Hydrobatidae,LC,22698485,3977,"del Hoyo, J., Collar, N.J., Christie, D.A., Elliott, A. and Fishpool, L.D.C. 2014. HBW and BirdLife International Illustrated Checklist of the Birds of the World. Volume 1: Non-passerines. Lynx Edicions and BirdLife International, Barcelona, Spain and Cambridge, UK.; Brooke, M. de L. 2004. Albatrosses and Petrels Across the World. Oxford University Press, Oxford.; SACC. 2006. A classification of the bird species of South America. Available at: http://www.museum.lsu.edu/~Remsen/SACCBaseline.htm."
Phalacrocorax penicillatus,Urile penicillatus,Brandt's Cormorant,synonym/alternate scientific name,Phalacrocorax penicillatus,SULIFORMES,Phalacrocoracidae,LC,22696753,3670,"del Hoyo, J., Collar, N.J., Christie, D.A., Elliott, A. and Fishpool, L.D.C. 2014. HBW and BirdLife International Illustrated Checklist of the Birds of the World. Volume 1: Non-passerines. Lynx Edicions and BirdLife International, Barcelona, Spain and Cambridge, UK."
Puffinus bulleri,Ardenna bulleri,Buller's Shearwater,synonym/alternate scientific name,Puffinus bulleri,PROCELLARIIFORMES,Procellariidae,VU,22698182,3929,"del Hoyo, J., Collar, N.J., Christie, D.A., Elliott, A. and Fishpool, L.D.C. 2014. HBW and BirdLife International Illustrated Checklist of the Birds of the World. Volume 1: Non-passerines. Lynx Edicions and BirdLife International, Barcelona, Spain and Cambridge, UK.; Turbott, E.G. 1990. Checklist of the birds of New Zealand. Ornithological Society of New Zealand, Wellington.; Brooke, M. de L. 2004. Albatrosses and Petrels Across the World. Oxford University Press, Oxford.; SACC. 2006. A classification of the bird species of South America. Available at: http://www.museum.lsu.edu/~Remsen/SACCBaseline.htm.; Christidis, L. and Boles, W.E. 2008. Systematics and taxonomy of Australian birds. CSIRO Publishing, Collingwood, Australia."
Sterna elegans,Thalasseus elegans,Elegant Tern,synonym/alternate scientific name,Sterna elegans,CHARADRIIFORMES,Laridae,NT,22694552,3261,"del Hoyo, J., Collar, N.J., Christie, D.A., Elliott, A. and Fishpool, L.D.C. 2014. HBW and BirdLife International Illustrated Checklist of the Birds of the World. Volume 1: Non-passerines. Lynx Edicions and BirdLife International, Barcelona, Spain and Cambridge, UK.; SACC. 2006. A classification of the bird species of South America. Available at: http://www.museum.lsu.edu/~Remsen/SACCBaseline.htm.; AERC TAC. 2003. AERC TAC Checklist of bird taxa occurring in Western Palearctic region, 15th Draft. Available at: http://www.aerc.eu/DOCS/Bird_taxa_of _the_WP15.xls."
Milvago chimango,Phalcoboenus chimango,Chimango Caracara,synonym/alternate scientific name,Milvago chimango,FALCONIFORMES,Falconidae,LC,22696264,3572,"del Hoyo, J., Collar, N.J., Christie, D.A., Elliott, A. and Fishpool, L.D.C. 2014. HBW and BirdLife International Illustrated Checklist of the Birds of the World. Volume 1: Non-passerines. Lynx Edicions and BirdLife International, Barcelona, Spain and Cambridge, UK.; SACC. 2006. A classification of the bird species of South America. Available at: http://www.museum.lsu.edu/~Remsen/SACCBaseline.htm."
Thraupis sayaca,Tangara sayaca,Sayaca Tanager,synonym/alternate scientific name,Thraupis sayaca,PASSERIFORMES,Thraupidae,LC,22722534,9315,"del Hoyo, J., Collar, N.J., Christie, D.A., Elliott, A., Fishpool, L.D.C., Boesman, P. and Kirwan, G.M. 2016. HBW and BirdLife International Illustrated Checklist of the Birds of the World. Volume 2: Passerines. Lynx Edicions and BirdLife International, Barcelona, Spain and Cambridge, UK; SACC. 2006. A classification of the bird species of South America. Available at: http://www.museum.lsu.edu/~Remsen/SACCBaseline.htm."
Aquila pomarina,Clanga pomarina,Lesser Spotted Eagle,synonym/alternate scientific name,Aquila pomarina,ACCIPITRIFORMES,Accipitridae,LC,22696022,3530,"del Hoyo, J., Collar, N.J., Christie, D.A., Elliott, A. and Fishpool, L.D.C. 2014. HBW and BirdLife International Illustrated Checklist of the Birds of the World. Volume 1: Non-passerines. Lynx Edicions and BirdLife International, Barcelona, Spain and Cambridge, UK.; Parry, S.J., Clark, W.S. and Prakash, V. 2002. On the taxonomic status of the Indian Spotted Eagle Aquila hastata. Ibis 144: 665-675."
Leucopternis polionotus,Pseudastur polionotus,Mantled Hawk,synonym/alternate scientific name,Leucopternis polionotus,ACCIPITRIFORMES,Accipitridae,NT,22695795,3486,"del Hoyo, J., Collar, N.J., Christie, D.A., Elliott, A. and Fishpool, L.D.C. 2014. HBW and BirdLife International Illustrated Checklist of the Birds of the World. Volume 1: Non-passerines. Lynx Edicions and BirdLife International, Barcelona, Spain and Cambridge, UK.; SACC. 2006. A classification of the bird species of South America. Available at: http://www.museum.lsu.edu/~Remsen/SACCBaseline.htm."
Myrmeciza squamosa,Myrmoderus squamosus,Squamate Antbird,synonym/alternate scientific name,Myrmeciza squamosa,PASSERIFORMES,Thamnophilidae,LC,22701801,4741,"del Hoyo, J., Collar, N.J., Christie, D.A., Elliott, A., Fishpool, L.D.C., Boesman, P. and Kirwan, G.M. 2016. HBW and BirdLife International Illustrated Checklist of the Birds of the World. Volume 2: Passerines. Lynx Edicions and BirdLife International, Barcelona, Spain and Cambridge, UK; SACC. 2006. A classification of the bird species of South America. Available at: http://www.museum.lsu.edu/~Remsen/SACCBaseline.htm."
Notiochelidon cyanoleuca,Pygochelidon cyanoleuca,Blue-and-white Swallow,synonym/alternate scientific name,Notiochelidon cyanoleuca,PASSERIFORMES,Hirundinidae,LC,22712122,7094,"del Hoyo, J., Collar, N.J., Christie, D.A., Elliott, A., Fishpool, L.D.C., Boesman, P. and Kirwan, G.M. 2016. HBW and BirdLife International Illustrated Checklist of the Birds of the World. Volume 2: Passerines. Lynx Edicions and BirdLife International, Barcelona, Spain and Cambridge, UK; SACC. 2006. A classification of the bird species of South America. Available at: http://www.museum.lsu.edu/~Remsen/SACCBaseline.htm."
Phalacrocorax brasilianus,Nannopterum brasilianum,Neotropical Cormorant,synonym/alternate scientific name,Phalacrocorax brasilianus,SULIFORMES,Phalacrocoracidae,LC,22696773,3674,Handbook of the Birds of the World and BirdLife International. 2023. Handbook of the Birds of the World and BirdLife International digital checklist of the birds of the world. Version 8. Available at: http://datazone.birdlife.org/userfiles/file/Species/Taxonomy/HBW-BirdLife_Checklist_v8_Dec23.zip.
Philydor lichtensteini,Anabacerthia lichtensteini,Ochre-breasted Foliage-gleaner,synonym/alternate scientific name,Philydor lichtensteini,PASSERIFORMES,Furnariidae,LC,22702855,4972,"del Hoyo, J., Collar, N.J., Christie, D.A., Elliott, A., Fishpool, L.D.C., Boesman, P. and Kirwan, G.M. 2016. HBW and BirdLife International Illustrated Checklist of the Birds of the World. Volume 2: Passerines. Lynx Edicions and BirdLife International, Barcelona, Spain and Cambridge, UK; SACC. 2006. A classification of the bird species of South America. Available at: http://www.museum.lsu.edu/~Remsen/SACCBaseline.htm."
Strix virgata,Ciccaba virgata,Mottled Owl,synonym/alternate scientific name,Strix virgata,STRIGIFORMES,Strigidae,LC,22689122,2250,"del Hoyo, J., Collar, N.J., Christie, D.A., Elliott, A. and Fishpool, L.D.C. 2014. HBW and BirdLife International Illustrated Checklist of the Birds of the World. Volume 1: Non-passerines. Lynx Edicions and BirdLife International, Barcelona, Spain and Cambridge, UK.; SACC. 2006. A classification of the bird species of South America. Available at: http://www.museum.lsu.edu/~Remsen/SACCBaseline.htm."
Thraupis cyanoptera,Tangara cyanoptera,Azure-shouldered Tanager,synonym/alternate scientific name,Thraupis cyanoptera,PASSERIFORMES,Thraupidae,LC,22722537,9316,"del Hoyo, J., Collar, N.J., Christie, D.A., Elliott, A., Fishpool, L.D.C., Boesman, P. and Kirwan, G.M. 2016. HBW and BirdLife International Illustrated Checklist of the Birds of the World. Volume 2: Passerines. Lynx Edicions and BirdLife International, Barcelona, Spain and Cambridge, UK; SACC. 2006. A classification of the bird species of South America. Available at: http://www.museum.lsu.edu/~Remsen/SACCBaseline.htm."
Thraupis ornata,Tangara ornata,Golden-chevroned Tanager,synonym/alternate scientific name,Thraupis ornata,PASSERIFORMES,Thraupidae,LC,22722540,9317,"del Hoyo, J., Collar, N.J., Christie, D.A., Elliott, A., Fishpool, L.D.C., Boesman, P. and Kirwan, G.M. 2016. HBW and BirdLife International Illustrated Checklist of the Birds of the World. Volume 2: Passerines. Lynx Edicions and BirdLife International, Barcelona, Spain and Cambridge, UK; SACC. 2006. A classification of the bird species of South America. Available at: http://www.museum.lsu.edu/~Remsen/SACCBaseline.htm."
Thraupis palmarum,Tangara palmarum,Palm Tanager,synonym/alternate scientific name,Thraupis palmarum,PASSERIFORMES,Thraupidae,LC,22722546,9319,"del Hoyo, J., Collar, N.J., Christie, D.A., Elliott, A., Fishpool, L.D.C., Boesman, P. and Kirwan, G.M. 2016. HBW and BirdLife International Illustrated Checklist of the Birds of the World. Volume 2: Passerines. Lynx Edicions and BirdLife International, Barcelona, Spain and Cambridge, UK; SACC. 2006. A classification of the bird species of South America. Available at: http://www.museum.lsu.edu/~Remsen/SACCBaseline.htm."
Locustella certhiola,Helopsaltes certhiola,Pallas's Grasshopper-warbler,synonym/alternate scientific name,Locustella certhiola,PASSERIFORMES,Locustellidae,LC,22714664,7590,Handbook of the Birds of the World and BirdLife International. 2021. Handbook of the Birds of the World and BirdLife International digital checklist of the birds of the world. Version 6. Available at: http://datazone.birdlife.org/userfiles/file/Species/Taxonomy/HBW-BirdLife_Checklist_v6_Dec21.zip.
Luscinia calliope,Calliope calliope,Siberian Rubythroat,synonym/alternate scientific name,Luscinia calliope,PASSERIFORMES,Muscicapidae,LC,22709701,6594,"del Hoyo, J., Collar, N.J., Christie, D.A., Elliott, A., Fishpool, L.D.C., Boesman, P. and Kirwan, G.M. 2016. HBW and BirdLife International Illustrated Checklist of the Birds of the World. Volume 2: Passerines. Lynx Edicions and BirdLife International, Barcelona, Spain and Cambridge, UK; Cramp, S. and Perrins, C.M. 1977-1994. Handbook of the birds of Europe, the Middle East and Africa. The birds of the western Palearctic. Oxford University Press, Oxford.; AERC TAC. 2003. AERC TAC Checklist of bird taxa occurring in Western Palearctic region, 15th Draft. Available at: #http://www.aerc.eu/DOCS/Bird_taxa_of _the_WP15.xls#."
Anairetes agilis,Uromyias agilis,Agile Tit-tyrant,synonym/alternate scientific name,Anairetes agilis,PASSERIFORMES,Tyrannidae,LC,22699369,4171,"del Hoyo, J., Collar, N.J., Christie, D.A., Elliott, A., Fishpool, L.D.C., Boesman, P. and Kirwan, G.M. 2016. HBW and BirdLife International Illustrated Checklist of the Birds of the World. Volume 2: Passerines. Lynx Edicions and BirdLife International, Barcelona, Spain and Cambridge, UK; SACC. 2006. A classification of the bird species of South America. Available at: http://www.museum.lsu.edu/~Remsen/SACCBaseline.htm."
Aratinga pertinax,Eupsittula pertinax,Brown-throated Parakeet,synonym/alternate scientific name,Aratinga pertinax,PSITTACIFORMES,Psittacidae,LC,22685745,1579,"del Hoyo, J., Collar, N.J., Christie, D.A., Elliott, A. and Fishpool, L.D.C. 2014. HBW and BirdLife International Illustrated Checklist of the Birds of the World. Volume 1: Non-passerines. Lynx Edicions and BirdLife International, Barcelona, Spain and Cambridge, UK.; SACC. 2006. A classification of the bird species of South America. Available at: http://www.museum.lsu.edu/~Remsen/SACCBaseline.htm."
Gallinula melanops,Porphyriops melanops,Spot-flanked Gallinule,synonym/alternate scientific name,Gallinula melanops,GRUIFORMES,Rallidae,LC,22692887,2940,"del Hoyo, J., Collar, N.J., Christie, D.A., Elliott, A. and Fishpool, L.D.C. 2014. HBW and BirdLife International Illustrated Checklist of the Birds of the World. Volume 1: Non-passerines. Lynx Edicions and BirdLife International, Barcelona, Spain and Cambridge, UK.; SACC. 2006. A classification of the bird species of South America. Available at: http://www.museum.lsu.edu/~Remsen/SACCBaseline.htm.; Sangster, G., Garcia-R, J. and Trewick, S. 2015. A new genus for the Lesser Moorhen Gallinula angulata Sundevall, 1850 (Aves, Rallidae). European Journal of Taxonomy 153: 1-8. DOI: 10.5852/ejt.2015.153."
Haplospiza rustica,Spodiornis rusticus,Slaty Finch,synonym/alternate scientific name,Haplospiza rustica,PASSERIFORMES,Thraupidae,LC,22723122,9471,"del Hoyo, J., Collar, N.J., Christie, D.A., Elliott, A., Fishpool, L.D.C., Boesman, P. and Kirwan, G.M. 2016. HBW and BirdLife International Illustrated Checklist of the Birds of the World. Volume 2: Passerines. Lynx Edicions and BirdLife International, Barcelona, Spain and Cambridge, UK; SACC. 2006. A classification of the bird species of South America. Available at: http://www.museum.lsu.edu/~Remsen/SACCBaseline.htm."
Leucophaeus atricilla,Larus atricilla,Laughing Gull,synonym/alternate scientific name,Leucophaeus atricilla,CHARADRIIFORMES,Laridae,LC,22694455,3248,"del Hoyo, J., Collar, N.J., Christie, D.A., Elliott, A. and Fishpool, L.D.C. 2014. HBW and BirdLife International Illustrated Checklist of the Birds of the World. Volume 1: Non-passerines. Lynx Edicions and BirdLife International, Barcelona, Spain and Cambridge, UK.; Cramp, S. and Perrins, C.M. 1977-1994. Handbook of the birds of Europe, the Middle East and Africa. The birds of the western Palearctic. Oxford University Press, Oxford.; SACC. 2006. A classification of the bird species of South America. Available at: http://www.museum.lsu.edu/~Remsen/SACCBaseline.htm.; AERC TAC. 2003. AERC TAC Checklist of bird taxa occurring in Western Palearctic region, 15th Draft. Available at: http://www.aerc.eu/DOCS/Bird_taxa_of _the_WP15.xls.; Christidis, L. and Boles, W.E. 2008. Systematics and taxonomy of Australian birds. CSIRO Publishing, Collingwood, Australia."
Notiochelidon murina,Orochelidon murina,Brown-bellied Swallow,synonym/alternate scientific name,Notiochelidon murina,PASSERIFORMES,Hirundinidae,LC,22712119,7093,"del Hoyo, J., Collar, N.J., Christie, D.A., Elliott, A., Fishpool, L.D.C., Boesman, P. and Kirwan, G.M. 2016. HBW and BirdLife International Illustrated Checklist of the Birds of the World. Volume 2: Passerines. Lynx Edicions and BirdLife International, Barcelona, Spain and Cambridge, UK; SACC. 2006. A classification of the bird species of South America. Available at: http://www.museum.lsu.edu/~Remsen/SACCBaseline.htm."
Ochthoeca diadema,Silvicultrix diadema,Yellow-bellied Chat-tyrant,synonym/alternate scientific name,Ochthoeca diadema,PASSERIFORMES,Tyrannidae,LC,22699912,4297,"del Hoyo, J., Collar, N.J., Christie, D.A., Elliott, A., Fishpool, L.D.C., Boesman, P. and Kirwan, G.M. 2016. HBW and BirdLife International Illustrated Checklist of the Birds of the World. Volume 2: Passerines. Lynx Edicions and BirdLife International, Barcelona, Spain and Cambridge, UK; SACC. 2006. A classification of the bird species of South America. Available at: http://www.museum.lsu.edu/~Remsen/SACCBaseline.htm."
Picoides fumigatus,Leuconotopicus fumigatus,Smoky-brown Woodpecker,synonym/alternate scientific name,Picoides fumigatus,PICIFORMES,Picidae,LC,22681193,662,"del Hoyo, J., Collar, N.J., Christie, D.A., Elliott, A. and Fishpool, L.D.C. 2014. HBW and BirdLife International Illustrated Checklist of the Birds of the World. Volume 1: Non-passerines. Lynx Edicions and BirdLife International, Barcelona, Spain and Cambridge, UK.; SACC. 2006. A classification of the bird species of South America. Available at: http://www.museum.lsu.edu/~Remsen/SACCBaseline.htm."
Pseudoscops clamator,Asio clamator,Striped Owl,synonym/alternate scientific name,Pseudoscops clamator,STRIGIFORMES,Strigidae,LC,22689522,2321,"del Hoyo, J., Collar, N.J., Christie, D.A., Elliott, A. and Fishpool, L.D.C. 2014. HBW and BirdLife International Illustrated Checklist of the Birds of the World. Volume 1: Non-passerines. Lynx Edicions and BirdLife International, Barcelona, Spain and Cambridge, UK.; SACC. 2006. A classification of the bird species of South America. Available at: http://www.museum.lsu.edu/~Remsen/SACCBaseline.htm."
Strix albitarsis,Ciccaba albitarsis,Rufous-banded Owl,synonym/alternate scientific name,Strix albitarsis,STRIGIFORMES,Strigidae,LC,22689154,2253,"del Hoyo, J., Collar, N.J., Christie, D.A., Elliott, A. and Fishpool, L.D.C. 2014. HBW and BirdLife International Illustrated Checklist of the Birds of the World. Volume 1: Non-passerines. Lynx Edicions and BirdLife International, Barcelona, Spain and Cambridge, UK.; SACC. 2006. A classification of the bird species of South America. Available at: http://www.museum.lsu.edu/~Remsen/SACCBaseline.htm."
Thraupis episcopus,Tangara episcopus,Blue-grey Tanager,synonym/alternate scientific name,Thraupis episcopus,PASSERIFORMES,Thraupidae,LC,22722527,9313,"del Hoyo, J., Collar, N.J., Christie, D.A., Elliott, A., Fishpool, L.D.C., Boesman, P. and Kirwan, G.M. 2016. HBW and BirdLife International Illustrated Checklist of the Birds of the World. Volume 2: Passerines. Lynx Edicions and BirdLife International, Barcelona, Spain and Cambridge, UK; SACC. 2006. A classification of the bird species of South America. Available at: http://www.museum.lsu.edu/~Remsen/SACCBaseline.htm."
Parus montanus,Poecile montanus,Willow Tit,synonym/alternate scientific name,Parus montanus,PASSERIFORMES,Paridae,LC,155139697,1099042,"Handbook of the Birds of the World and BirdLife International. 2019. Handbook of the Birds of the World and BirdLife International digital checklist of the birds of the world. Version 4. Available at: http://datazone.birdlife.org/userfiles/file/Species/Taxonomy/HBW-BirdLife_Checklist_v4_Dec19.zip.; Eck, S. and Martens, J. 2006. Systematic notes on Asian birds. 49. A preliminary review of the Aegithalidae, Remizidae and Paridae. Zoologische Mededelingen 80-5(1): 1-63.; Tritsch, C., Martens, J., Sun, Y. H., Heim, W., Strutzenberger, P., & Päckert, M. 2017. Improved sampling at the subspecies level solves a taxonomic dilemma–a case study of two enigmatic Chinese tit species (Aves, Passeriformes, Paridae, Poecile). Molecular phylogenetics and evolution 107: 538-550."
Garrulax cineraceus,Ianthocincla cineracea,Western Moustached Laughingthrush,synonym/alternate scientific name,Garrulax cineraceus,PASSERIFORMES,Leiotrichidae,LC,103871930,,Handbook of the Birds of the World and BirdLife International. 2021. Handbook of the Birds of the World and BirdLife International digital checklist of the birds of the world. Version 6. Available at: http://datazone.birdlife.org/userfiles/file/Species/Taxonomy/HBW-BirdLife_Checklist_v6_Dec21.zip.
Garrulax sannio,Pterorhinus sannio,White-browed Laughingthrush,synonym/alternate scientific name,Garrulax sannio,PASSERIFORMES,Leiotrichidae,LC,22715707,7811,Handbook of the Birds of the World and BirdLife International. 2021. Handbook of the Birds of the World and BirdLife International digital checklist of the birds of the world. Version 6. Available at: http://datazone.birdlife.org/userfiles/file/Species/Taxonomy/HBW-BirdLife_Checklist_v6_Dec21.zip.
Locustella fasciolata,Helopsaltes fasciolatus,Gray's Grasshopper-warbler,synonym/alternate scientific name,Locustella fasciolata,PASSERIFORMES,Locustellidae,LC,103783163,,Handbook of the Birds of the World and BirdLife International. 2021. Handbook of the Birds of the World and BirdLife International digital checklist of the birds of the world. Version 6. Available at: http://datazone.birdlife.org/userfiles/file/Species/Taxonomy/HBW-BirdLife_Checklist_v6_Dec21.zip.
Luscinia cyane,Larvivora cyane,Siberian Blue Robin,synonym/alternate scientific name,Luscinia cyane,PASSERIFORMES,Muscicapidae,LC,22709730,6601,"del Hoyo, J., Collar, N.J., Christie, D.A., Elliott, A., Fishpool, L.D.C., Boesman, P. and Kirwan, G.M. 2016. HBW and BirdLife International Illustrated Checklist of the Birds of the World. Volume 2: Passerines. Lynx Edicions and BirdLife International, Barcelona, Spain and Cambridge, UK; Cramp, S. and Perrins, C.M. 1977-1994. Handbook of the birds of Europe, the Middle East and Africa. The birds of the western Palearctic. Oxford University Press, Oxford.; AERC TAC. 2003. AERC TAC Checklist of bird taxa occurring in Western Palearctic region, 15th Draft. Available at: #http://www.aerc.eu/DOCS/Bird_taxa_of _the_WP15.xls#."
Porzana fusca,Zapornia fusca,Ruddy-breasted Crake,synonym/alternate scientific name,Porzana fusca,GRUIFORMES,Rallidae,LC,22692699,2909,"del Hoyo, J., Collar, N.J., Christie, D.A., Elliott, A. and Fishpool, L.D.C. 2014. HBW and BirdLife International Illustrated Checklist of the Birds of the World. Volume 1: Non-passerines. Lynx Edicions and BirdLife International, Barcelona, Spain and Cambridge, UK.; Christidis, L. and Boles, W.E. 2008. Systematics and taxonomy of Australian birds. CSIRO Publishing, Collingwood, Australia."
Psittacula krameri,Alexandrinus krameri,Rose-ringed Parakeet,synonym/alternate scientific name,Psittacula krameri,PSITTACIFORMES,Psittacidae,LC,22685441,1529,Handbook of the Birds of the World and BirdLife International. 2020. Handbook of the Birds of the World and BirdLife International digital checklist of the birds of the world. Version 5. Available at: http://datazone.birdlife.org/userfiles/file/Species/Taxonomy/HBW-BirdLife_Checklist_v5_Dec20.zip.
Erythropygia galactotes,Cercotrichas galactotes,Rufous-tailed Scrub-robin,synonym/alternate scientific name,Erythropygia galactotes,PASSERIFORMES,Muscicapidae,LC,22709936,6633,"del Hoyo, J., Collar, N.J., Christie, D.A., Elliott, A., Fishpool, L.D.C., Boesman, P. and Kirwan, G.M. 2016. HBW and BirdLife International Illustrated Checklist of the Birds of the World. Volume 2: Passerines. Lynx Edicions and BirdLife International, Barcelona, Spain and Cambridge, UK; Cramp, S. and Perrins, C.M. 1977-1994. Handbook of the birds of Europe, the Middle East and Africa. The birds of the western Palearctic. Oxford University Press, Oxford.; AERC TAC. 2003. AERC TAC Checklist of bird taxa occurring in Western Palearctic region, 15th Draft. Available at: #http://www.aerc.eu/DOCS/Bird_taxa_of _the_WP15.xls#."
Anthus chloris,Hemimacronyx chloris,Yellow-breasted Pipit,synonym/alternate scientific name,Anthus chloris,PASSERIFORMES,Motacillidae,VU,22718444,8423,"del Hoyo, J., Collar, N.J., Christie, D.A., Elliott, A., Fishpool, L.D.C., Boesman, P. and Kirwan, G.M. 2016. HBW and BirdLife International Illustrated Checklist of the Birds of the World. Volume 2: Passerines. Lynx Edicions and BirdLife International, Barcelona, Spain and Cambridge, UK."
Cercomela sinuata,Emarginata sinuata,Sickle-winged Chat,synonym/alternate scientific name,Cercomela sinuata,PASSERIFORMES,Muscicapidae,LC,22710354,6712,"del Hoyo, J., Collar, N.J., Christie, D.A., Elliott, A., Fishpool, L.D.C., Boesman, P. and Kirwan, G.M. 2016. HBW and BirdLife International Illustrated Checklist of the Birds of the World. Volume 2: Passerines. Lynx Edicions and BirdLife International, Barcelona, Spain and Cambridge, UK."
Cossypha caffra,Dessonornis caffer,Cape Robin-chat,synonym/alternate scientific name,Cossypha caffra,PASSERIFORMES,Muscicapidae,LC,22709791,6612,"del Hoyo, J., Collar, N.J., Christie, D.A., Elliott, A., Fishpool, L.D.C., Boesman, P. and Kirwan, G.M. 2016. HBW and BirdLife International Illustrated Checklist of the Birds of the World. Volume 2: Passerines. Lynx Edicions and BirdLife International, Barcelona, Spain and Cambridge, UK."
Oenanthe monticola,Myrmecocichla monticola,Mountain Chat,synonym/alternate scientific name,Oenanthe monticola,PASSERIFORMES,Muscicapidae,LC,22710263,6694,"del Hoyo, J., Collar, N.J., Christie, D.A., Elliott, A., Fishpool, L.D.C., Boesman, P. and Kirwan, G.M. 2016. HBW and BirdLife International Illustrated Checklist of the Birds of the World. Volume 2: Passerines. Lynx Edicions and BirdLife International, Barcelona, Spain and Cambridge, UK."
Riparia cincta,Neophedina cincta,Banded Martin,synonym/alternate scientific name,Riparia cincta,PASSERIFORMES,Hirundinidae,LC,22712194,7108,"del Hoyo, J., Collar, N.J., Christie, D.A., Elliott, A., Fishpool, L.D.C., Boesman, P. and Kirwan, G.M. 2016. HBW and BirdLife International Illustrated Checklist of the Birds of the World. Volume 2: Passerines. Lynx Edicions and BirdLife International, Barcelona, Spain and Cambridge, UK; AERC TAC. 2003. AERC TAC Checklist of bird taxa occurring in Western Palearctic region, 15th Draft. Available at: #http://www.aerc.eu/DOCS/Bird_taxa_of _the_WP15.xls#."
Ammodramus bairdii,Passerculus bairdii,Baird's Sparrow,synonym/alternate scientific name,Ammodramus bairdii,PASSERIFORMES,Passerellidae,LC,22721141,8995,"del Hoyo, J., Collar, N.J., Christie, D.A., Elliott, A., Fishpool, L.D.C., Boesman, P. and Kirwan, G.M. 2016. HBW and BirdLife International Illustrated Checklist of the Birds of the World. Volume 2: Passerines. Lynx Edicions and BirdLife International, Barcelona, Spain and Cambridge, UK."
Ammodramus caudacutus,Ammospiza caudacuta,Saltmarsh Sparrow,synonym/alternate scientific name,Ammodramus caudacutus,PASSERIFORMES,Passerellidae,EN,22721129,8992,"del Hoyo, J., Collar, N.J., Christie, D.A., Elliott, A., Fishpool, L.D.C., Boesman, P. and Kirwan, G.M. 2016. HBW and BirdLife International Illustrated Checklist of the Birds of the World. Volume 2: Passerines. Lynx Edicions and BirdLife International, Barcelona, Spain and Cambridge, UK."
Ammodramus henslowii,Passerculus henslowii,Henslow's Sparrow,synonym/alternate scientific name,Ammodramus henslowii,PASSERIFORMES,Passerellidae,LC,22721138,8994,"del Hoyo, J., Collar, N.J., Christie, D.A., Elliott, A., Fishpool, L.D.C., Boesman, P. and Kirwan, G.M. 2016. HBW and BirdLife International Illustrated Checklist of the Birds of the World. Volume 2: Passerines. Lynx Edicions and BirdLife International, Barcelona, Spain and Cambridge, UK."
Ammodramus leconteii,Ammospiza leconteii,LeConte's Sparrow,synonym/alternate scientific name,Ammodramus leconteii,PASSERIFORMES,Passerellidae,LC,22721135,8993,"del Hoyo, J., Collar, N.J., Christie, D.A., Elliott, A., Fishpool, L.D.C., Boesman, P. and Kirwan, G.M. 2016. HBW and BirdLife International Illustrated Checklist of the Birds of the World. Volume 2: Passerines. Lynx Edicions and BirdLife International, Barcelona, Spain and Cambridge, UK."
Ammodramus maritimus,Ammospiza maritima,Seaside Sparrow,synonym/alternate scientific name,Ammodramus maritimus,PASSERIFORMES,Passerellidae,LC,22721123,8991,"del Hoyo, J., Collar, N.J., Christie, D.A., Elliott, A., Fishpool, L.D.C., Boesman, P. and Kirwan, G.M. 2016. HBW and BirdLife International Illustrated Checklist of the Birds of the World. Volume 2: Passerines. Lynx Edicions and BirdLife International, Barcelona, Spain and Cambridge, UK."
Ammodramus nelsoni,Ammospiza nelsoni,Nelson's Sparrow,synonym/alternate scientific name,Ammodramus nelsoni,PASSERIFORMES,Passerellidae,LC,22728393,30019,"del Hoyo, J., Collar, N.J., Christie, D.A., Elliott, A., Fishpool, L.D.C., Boesman, P. and Kirwan, G.M. 2016. HBW and BirdLife International Illustrated Checklist of the Birds of the World. Volume 2: Passerines. Lynx Edicions and BirdLife International, Barcelona, Spain and Cambridge, UK."
Anser cygnoides,Anser cygnoid,Swan Goose,synonym/alternate scientific name,Anser cygnoides,ANSERIFORMES,Anatidae,EN,22679869,373,"del Hoyo, J., Collar, N.J., Christie, D.A., Elliott, A. and Fishpool, L.D.C. 2014. HBW and BirdLife International Illustrated Checklist of the Birds of the World. Volume 1: Non-passerines. Lynx Edicions and BirdLife International, Barcelona, Spain and Cambridge, UK."
Aratinga canicularis,Eupsittula canicularis,Orange-fronted Parakeet,synonym/alternate scientific name,Aratinga canicularis,PSITTACIFORMES,Psittacidae,VU,22685739,1577,"del Hoyo, J., Collar, N.J., Christie, D.A., Elliott, A. and Fishpool, L.D.C. 2014. HBW and BirdLife International Illustrated Checklist of the Birds of the World. Volume 1: Non-passerines. Lynx Edicions and BirdLife International, Barcelona, Spain and Cambridge, UK."
Automolus rubiginosus,Clibanornis rubiginosus,Ruddy Foliage-gleaner,synonym/alternate scientific name,Automolus rubiginosus,PASSERIFORMES,Furnariidae,LC,22736330,32682,"del Hoyo, J., Collar, N.J., Christie, D.A., Elliott, A., Fishpool, L.D.C., Boesman, P. and Kirwan, G.M. 2016. HBW and BirdLife International Illustrated Checklist of the Birds of the World. Volume 2: Passerines. Lynx Edicions and BirdLife International, Barcelona, Spain and Cambridge, UK; SACC. 2006. A classification of the bird species of South America. Available at: http://www.museum.lsu.edu/~Remsen/SACCBaseline.htm."
Automolus rubiginosus,Clibanornis rufipectus,Santa Marta Foliage-gleaner,synonym/alternate scientific name,Automolus rubiginosus,PASSERIFORMES,Furnariidae,VU,22736301,32677,"del Hoyo, J., Collar, N.J., Christie, D.A., Elliott, A., Fishpool, L.D.C., Boesman, P. and Kirwan, G.M. 2016. HBW and BirdLife International Illustrated Checklist of the Birds of the World. Volume 2: Passerines. Lynx Edicions and BirdLife International, Barcelona, Spain and Cambridge, UK; SACC. 2006. A classification of the bird species of South America. Available at: http://www.museum.lsu.edu/~Remsen/SACCBaseline.htm."
Buteo albicaudatus,Geranoaetus albicaudatus,White-tailed Hawk,synonym/alternate scientific name,Buteo albicaudatus,ACCIPITRIFORMES,Accipitridae,LC,22695906,3507,"del Hoyo, J., Collar, N.J., Christie, D.A., Elliott, A. and Fishpool, L.D.C. 2014. HBW and BirdLife International Illustrated Checklist of the Birds of the World. Volume 1: Non-passerines. Lynx Edicions and BirdLife International, Barcelona, Spain and Cambridge, UK.; SACC. 2006. A classification of the bird species of South America. Available at: http://www.museum.lsu.edu/~Remsen/SACCBaseline.htm."
Caprimulgus vociferus,Antrostomus vociferus,Eastern Whip-poor-will,synonym/alternate scientific name,Caprimulgus vociferus,CAPRIMULGIFORMES,Caprimulgidae,NT,22736393,32692,"del Hoyo, J., Collar, N.J., Christie, D.A., Elliott, A. and Fishpool, L.D.C. 2014. HBW and BirdLife International Illustrated Checklist of the Birds of the World. Volume 1: Non-passerines. Lynx Edicions and BirdLife International, Barcelona, Spain and Cambridge, UK."
Caprimulgus vociferus,Antrostomus arizonae,Mexican Whip-poor-will,synonym/alternate scientific name,Caprimulgus vociferus,CAPRIMULGIFORMES,Caprimulgidae,LC,22736398,32693,"del Hoyo, J., Collar, N.J., Christie, D.A., Elliott, A. and Fishpool, L.D.C. 2014. HBW and BirdLife International Illustrated Checklist of the Birds of the World. Volume 1: Non-passerines. Lynx Edicions and BirdLife International, Barcelona, Spain and Cambridge, UK."
Carpodacus mexicanus,Haemorhous mexicanus,House Finch,synonym/alternate scientific name,Carpodacus mexicanus,PASSERIFORMES,Fringillidae,LC,22720563,8856,"del Hoyo, J., Collar, N.J., Christie, D.A., Elliott, A., Fishpool, L.D.C., Boesman, P. and Kirwan, G.M. 2016. HBW and BirdLife International Illustrated Checklist of the Birds of the World. Volume 2: Passerines. Lynx Edicions and BirdLife International, Barcelona, Spain and Cambridge, UK."
Casmerodius albus,Ardea alba,Great White Egret,synonym/alternate scientific name,Casmerodius albus,PELECANIFORMES,Ardeidae,LC,22697043,3728,"del Hoyo, J., Collar, N.J., Christie, D.A., Elliott, A. and Fishpool, L.D.C. 2014. HBW and BirdLife International Illustrated Checklist of the Birds of the World. Volume 1: Non-passerines. Lynx Edicions and BirdLife International, Barcelona, Spain and Cambridge, UK.; Cramp, S. and Perrins, C.M. 1977-1994. Handbook of the birds of Europe, the Middle East and Africa. The birds of the western Palearctic. Oxford University Press, Oxford.; Turbott, E.G. 1990. Checklist of the birds of New Zealand. Ornithological Society of New Zealand, Wellington.; SACC. 2006. A classification of the bird species of South America. Available at: http://www.museum.lsu.edu/~Remsen/SACCBaseline.htm.; AERC TAC. 2003. AERC TAC Checklist of bird taxa occurring in Western Palearctic region, 15th Draft. Available at: http://www.aerc.eu/DOCS/Bird_taxa_of _the_WP15.xls."
Coccothraustes vespertinus,Hesperiphona vespertina,Evening Grosbeak,synonym/alternate scientific name,Coccothraustes vespertinus,PASSERIFORMES,Fringillidae,VU,22720702,8894,"del Hoyo, J., Collar, N.J., Christie, D.A., Elliott, A., Fishpool, L.D.C., Boesman, P. and Kirwan, G.M. 2016. HBW and BirdLife International Illustrated Checklist of the Birds of the World. Volume 2: Passerines. Lynx Edicions and BirdLife International, Barcelona, Spain and Cambridge, UK; Cramp, S. and Perrins, C.M. 1977-1994. Handbook of the birds of Europe, the Middle East and Africa. The birds of the western Palearctic. Oxford University Press, Oxford.; AERC TAC. 2003. AERC TAC Checklist of bird taxa occurring in Western Palearctic region, 15th Draft. Available at: #http://www.aerc.eu/DOCS/Bird_taxa_of _the_WP15.xls#."
Contopus borealis,Contopus cooperi,Olive-sided Flycatcher,synonym/alternate scientific name,Contopus borealis,PASSERIFORMES,Tyrannidae,LC,22699787,4264,"del Hoyo, J., Collar, N.J., Christie, D.A., Elliott, A., Fishpool, L.D.C., Boesman, P. and Kirwan, G.M. 2016. HBW and BirdLife International Illustrated Checklist of the Birds of the World. Volume 2: Passerines. Lynx Edicions and BirdLife International, Barcelona, Spain and Cambridge, UK; SACC. 2006. A classification of the bird species of South America. Available at: http://www.museum.lsu.edu/~Remsen/SACCBaseline.htm."
Dryocopus pileatus,Hylatomus pileatus,Pileated Woodpecker,synonym/alternate scientific name,Dryocopus pileatus,PICIFORMES,Picidae,LC,22681363,703,"del Hoyo, J., Collar, N.J., Christie, D.A., Elliott, A. and Fishpool, L.D.C. 2014. HBW and BirdLife International Illustrated Checklist of the Birds of the World. Volume 1: Non-passerines. Lynx Edicions and BirdLife International, Barcelona, Spain and Cambridge, UK."
Falcipennis canadensis,Dendragapus canadensis,,synonym/alternate scientific name,Falcipennis canadensis,GALLIFORMES,Phasianidae,NR,22679449,288,"AOU (1998 & supplements); Sibley & Monroe (1990, 1993)"
Guiraca caerulea,Passerina caerulea,Blue Grosbeak,synonym/alternate scientific name,Guiraca caerulea,PASSERIFORMES,Cardinalidae,LC,22723939,9649,"del Hoyo, J., Collar, N.J., Christie, D.A., Elliott, A., Fishpool, L.D.C., Boesman, P. and Kirwan, G.M. 2016. HBW and BirdLife International Illustrated Checklist of the Birds of the World. Volume 2: Passerines. Lynx Edicions and BirdLife International, Barcelona, Spain and Cambridge, UK; Cramp, S. and Perrins, C.M. 1977-1994. Handbook of the birds of Europe, the Middle East and Africa. The birds of the western Palearctic. Oxford University Press, Oxford.; SACC. 2006. A classification of the bird species of South America. Available at: http://www.museum.lsu.edu/~Remsen/SACCBaseline.htm."
Himantopus mexicanus,Himantopus himantopus,Black-winged Stilt,synonym/alternate scientific name,Himantopus mexicanus,CHARADRIIFORMES,Recurvirostridae,LC,22727969,1016812,"del Hoyo, J., Collar, N.J., Christie, D.A., Elliott, A. and Fishpool, L.D.C. 2014. HBW and BirdLife International Illustrated Checklist of the Birds of the World. Volume 1: Non-passerines. Lynx Edicions and BirdLife International, Barcelona, Spain and Cambridge, UK."
Hylophilus decurtatus,Pachysylvia decurtata,Lesser Greenlet,synonym/alternate scientific name,Hylophilus decurtatus,PASSERIFORMES,Vireonidae,LC,22705321,5606,"del Hoyo, J., Collar, N.J., Christie, D.A., Elliott, A., Fishpool, L.D.C., Boesman, P. and Kirwan, G.M. 2016. HBW and BirdLife International Illustrated Checklist of the Birds of the World. Volume 2: Passerines. Lynx Edicions and BirdLife International, Barcelona, Spain and Cambridge, UK; SACC. 2006. A classification of the bird species of South America. Available at: http://www.museum.lsu.edu/~Remsen/SACCBaseline.htm."
Icterus bullockii,Icterus bullockiorum,Bullock's Oriole,synonym/alternate scientific name,Icterus bullockii,PASSERIFORMES,Icteridae,LC,22729123,30164,"del Hoyo, J., Collar, N.J., Christie, D.A., Elliott, A., Fishpool, L.D.C., Boesman, P. and Kirwan, G.M. 2016. HBW and BirdLife International Illustrated Checklist of the Birds of the World. Volume 2: Passerines. Lynx Edicions and BirdLife International, Barcelona, Spain and Cambridge, UK."
Leucophaeus pipixcan,Larus pipixcan,Franklin's Gull,synonym/alternate scientific name,Leucophaeus pipixcan,CHARADRIIFORMES,Laridae,LC,22694462,3249,"del Hoyo, J., Collar, N.J., Christie, D.A., Elliott, A. and Fishpool, L.D.C. 2014. HBW and BirdLife International Illustrated Checklist of the Birds of the World. Volume 1: Non-passerines. Lynx Edicions and BirdLife International, Barcelona, Spain and Cambridge, UK.; Cramp, S. and Perrins, C.M. 1977-1994. Handbook of the birds of Europe, the Middle East and Africa. The birds of the western Palearctic. Oxford University Press, Oxford.; SACC. 2006. A classification of the bird species of South America. Available at: http://www.museum.lsu.edu/~Remsen/SACCBaseline.htm.; AERC TAC. 2003. AERC TAC Checklist of bird taxa occurring in Western Palearctic region, 15th Draft. Available at: http://www.aerc.eu/DOCS/Bird_taxa_of _the_WP15.xls.; Christidis, L. and Boles, W.E. 2008. Systematics and taxonomy of Australian birds. CSIRO Publishing, Collingwood, Australia."
Oporornis formosus,Geothlypis formosa,Kentucky Warbler,synonym/alternate scientific name,Oporornis formosus,PASSERIFORMES,Parulidae,LC,22721812,9133,"del Hoyo, J., Collar, N.J., Christie, D.A., Elliott, A., Fishpool, L.D.C., Boesman, P. and Kirwan, G.M. 2016. HBW and BirdLife International Illustrated Checklist of the Birds of the World. Volume 2: Passerines. Lynx Edicions and BirdLife International, Barcelona, Spain and Cambridge, UK; SACC. 2006. A classification of the bird species of South America. Available at: http://www.museum.lsu.edu/~Remsen/SACCBaseline.htm."
Pionopsitta haematotis,Pyrilia haematotis,Brown-hooded Parrot,synonym/alternate scientific name,Pionopsitta haematotis,PSITTACIFORMES,Psittacidae,LC,22686097,1642,"del Hoyo, J., Collar, N.J., Christie, D.A., Elliott, A. and Fishpool, L.D.C. 2014. HBW and BirdLife International Illustrated Checklist of the Birds of the World. Volume 1: Non-passerines. Lynx Edicions and BirdLife International, Barcelona, Spain and Cambridge, UK.; SACC. 2006. A classification of the bird species of South America. Available at: http://www.museum.lsu.edu/~Remsen/SACCBaseline.htm."
Pipra mentalis,Ceratopipra mentalis,Red-capped Manakin,synonym/alternate scientific name,Pipra mentalis,PASSERIFORMES,Pipridae,LC,22700994,4535,"del Hoyo, J., Collar, N.J., Christie, D.A., Elliott, A., Fishpool, L.D.C., Boesman, P. and Kirwan, G.M. 2016. HBW and BirdLife International Illustrated Checklist of the Birds of the World. Volume 2: Passerines. Lynx Edicions and BirdLife International, Barcelona, Spain and Cambridge, UK; SACC. 2006. A classification of the bird species of South America. Available at: http://www.museum.lsu.edu/~Remsen/SACCBaseline.htm."
Psilorhinus morio,Cyanocorax morio,Brown Jay,synonym/alternate scientific name,Psilorhinus morio,PASSERIFORMES,Corvidae,LC,22705742,5718,"del Hoyo, J., Collar, N.J., Christie, D.A., Elliott, A., Fishpool, L.D.C., Boesman, P. and Kirwan, G.M. 2016. HBW and BirdLife International Illustrated Checklist of the Birds of the World. Volume 2: Passerines. Lynx Edicions and BirdLife International, Barcelona, Spain and Cambridge, UK."
Psittacula cyanocephala,Himalayapsitta cyanocephala,Plum-headed Parakeet,synonym/alternate scientific name,Psittacula cyanocephala,PSITTACIFORMES,Psittacidae,LC,22685481,1535,Handbook of the Birds of the World and BirdLife International. 2020. Handbook of the Birds of the World and BirdLife International digital checklist of the birds of the world. Version 5. Available at: http://datazone.birdlife.org/userfiles/file/Species/Taxonomy/HBW-BirdLife_Checklist_v5_Dec20.zip.
Streptopelia risoria,Streptopelia roseogrisea,African Collared-dove,synonym/alternate scientific name,Streptopelia risoria,COLUMBIFORMES,Columbidae,LC,22690515,2510,"del Hoyo, J., Collar, N.J., Christie, D.A., Elliott, A. and Fishpool, L.D.C. 2014. HBW and BirdLife International Illustrated Checklist of the Birds of the World. Volume 1: Non-passerines. Lynx Edicions and BirdLife International, Barcelona, Spain and Cambridge, UK.; Cramp, S. and Perrins, C.M. 1977-1994. Handbook of the birds of Europe, the Middle East and Africa. The birds of the western Palearctic. Oxford University Press, Oxford.; Turbott, E.G. 1990. Checklist of the birds of New Zealand. Ornithological Society of New Zealand, Wellington.; AERC TAC. 2003. AERC TAC Checklist of bird taxa occurring in Western Palearctic region, 15th Draft. Available at: #http://www.aerc.eu/DOCS/Bird_taxa_of _the_WP15.xls#.; Christidis, L. and Boles, W.E. 2008. Systematics and taxonomy of Australian birds. CSIRO Publishing, Collingwood, Australia."
Thraupis abbas,Tangara abbas,Yellow-winged Tanager,synonym/alternate scientific name,Thraupis abbas,PASSERIFORMES,Thraupidae,LC,22722543,9318,"del Hoyo, J., Collar, N.J., Christie, D.A., Elliott, A., Fishpool, L.D.C., Boesman, P. and Kirwan, G.M. 2016. HBW and BirdLife International Illustrated Checklist of the Birds of the World. Volume 2: Passerines. Lynx Edicions and BirdLife International, Barcelona, Spain and Cambridge, UK."
Trogon caligatus,Trogon violaceus,Violaceous Trogon,synonym/alternate scientific name,Trogon caligatus,TROGONIFORMES,Trogonidae,LC,61686959,1017014,"del Hoyo, J., Collar, N.J., Christie, D.A., Elliott, A. and Fishpool, L.D.C. 2014. HBW and BirdLife International Illustrated Checklist of the Birds of the World. Volume 1: Non-passerines. Lynx Edicions and BirdLife International, Barcelona, Spain and Cambridge, UK."
Vermivora celata,Leiothlypis celata,Orange-crowned Warbler,synonym/alternate scientific name,Vermivora celata,PASSERIFORMES,Parulidae,LC,22721624,9088,"del Hoyo, J., Collar, N.J., Christie, D.A., Elliott, A., Fishpool, L.D.C., Boesman, P. and Kirwan, G.M. 2016. HBW and BirdLife International Illustrated Checklist of the Birds of the World. Volume 2: Passerines. Lynx Edicions and BirdLife International, Barcelona, Spain and Cambridge, UK."
Vermivora pinus,Vermivora cyanoptera,Blue-winged Warbler,synonym/alternate scientific name,Vermivora pinus,PASSERIFORMES,Parulidae,LC,22721610,9085,"del Hoyo, J., Collar, N.J., Christie, D.A., Elliott, A., Fishpool, L.D.C., Boesman, P. and Kirwan, G.M. 2016. HBW and BirdLife International Illustrated Checklist of the Birds of the World. Volume 2: Passerines. Lynx Edicions and BirdLife International, Barcelona, Spain and Cambridge, UK; SACC. 2006. A classification of the bird species of South America. Available at: http://www.museum.lsu.edu/~Remsen/SACCBaseline.htm."
Gallinula angulata,Paragallinula angulata,Lesser Moorhen,synonym/alternate scientific name,Gallinula angulata,GRUIFORMES,Rallidae,LC,22692883,2939,"del Hoyo, J., Collar, N.J., Christie, D.A., Elliott, A. and Fishpool, L.D.C. 2014. HBW and BirdLife International Illustrated Checklist of the Birds of the World. Volume 1: Non-passerines. Lynx Edicions and BirdLife International, Barcelona, Spain and Cambridge, UK.; SACC. 2006. A classification of the bird species of South America. Available at: http://www.museum.lsu.edu/~Remsen/SACCBaseline.htm.; AERC TAC. 2003. AERC TAC Checklist of bird taxa occurring in Western Palearctic region, 15th Draft. Available at: http://www.aerc.eu/DOCS/Bird_taxa_of _the_WP15.xls.;Sangster, G., Garcia-R, J. and Trewick, S. 2015. A new genus for the Lesser Moorhen Gallinula angulata Sundevall, 1850 (Aves, Rallidae). European Journal of Taxonomy 153: 1-8. DOI: 10.5852/ejt.2015.153."
Aquila clanga,Clanga clanga,Greater Spotted Eagle,synonym/alternate scientific name,Aquila clanga,ACCIPITRIFORMES,Accipitridae,VU,22696027,3531,"del Hoyo, J., Collar, N.J., Christie, D.A., Elliott, A. and Fishpool, L.D.C. 2014. HBW and BirdLife International Illustrated Checklist of the Birds of the World. Volume 1: Non-passerines. Lynx Edicions and BirdLife International, Barcelona, Spain and Cambridge, UK.; Cramp, S. and Perrins, C.M. 1977-1994. Handbook of the birds of Europe, the Middle East and Africa. The birds of the western Palearctic. Oxford University Press, Oxford.; AERC TAC. 2003. AERC TAC Checklist of bird taxa occurring in Western Palearctic region, 15th Draft. Available at: #http://www.aerc.eu/DOCS/Bird_taxa_of _the_WP15.xls#."
Saurothera vieilloti,Coccyzus vieilloti,Puerto Rican Lizard-cuckoo,synonym/alternate scientific name,Saurothera vieilloti,CUCULIFORMES,Cuculidae,LC,22684417,1318,"del Hoyo, J., Collar, N.J., Christie, D.A., Elliott, A. and Fishpool, L.D.C. 2014. HBW and BirdLife International Illustrated Checklist of the Birds of the World. Volume 1: Non-passerines. Lynx Edicions and BirdLife International, Barcelona, Spain and Cambridge, UK."
Locustella ochotensis,Helopsaltes ochotensis,Middendorff's Grasshopper-warbler,synonym/alternate scientific name,Locustella ochotensis,PASSERIFORMES,Locustellidae,LC,22714669,7591,Handbook of the Birds of the World and BirdLife International. 2021. Handbook of the Birds of the World and BirdLife International digital checklist of the birds of the world. Version 6. Available at: http://datazone.birdlife.org/userfiles/file/Species/Taxonomy/HBW-BirdLife_Checklist_v6_Dec21.zip.
Aphriza virgata,Calidris virgata,Surfbird,synonym/alternate scientific name,Aphriza virgata,CHARADRIIFORMES,Scolopacidae,LC,22693356,3039,"del Hoyo, J., Collar, N.J., Christie, D.A., Elliott, A. and Fishpool, L.D.C. 2014. HBW and BirdLife International Illustrated Checklist of the Birds of the World. Volume 1: Non-passerines. Lynx Edicions and BirdLife International, Barcelona, Spain and Cambridge, UK.; SACC. 2006. A classification of the bird species of South America. Available at: http://www.museum.lsu.edu/~Remsen/SACCBaseline.htm."
